{"epoch": 99, "_timestamp": 1702903007.596367, "loss": 0.005623484496027231, "accuracy": 1.0, "_runtime": 11.934042930603027, "_step": 99, "_wandb": {"runtime": 45}}