{"epoch": 99, "_timestamp": 1702810571.0604012, "loss": 0.004380655009299517, "accuracy": 1.0, "_runtime": 12.153447151184082, "_step": 99, "_wandb": {"runtime": 12}}