{"graph": {"_type": "graph-file", "sha256": "e0c9836c3212af7890cb8246ddfc75d94c5aff9436dd39c88f9c14db4f690674", "size": 742, "path": "media/graph/graph_summary_e0c9836c3212af7890cb.graph.json"}, "epoch": 499, "_timestamp": 1702745993.2000499, "loss": 3487.606201171875, "mae": 3487.606201171875, "_runtime": 36.62827491760254, "_step": 499}