{"graph": {"_type": "graph-file", "sha256": "da78f9007d1ead0b9838808b60475c272f7927a0d2f9246d872360fe04e37e5b", "size": 714, "path": "media/graph/graph_summary_da78f9007d1ead0b9838.graph.json"}, "epoch": 19, "_timestamp": 1703004669.4039843, "loss": 1.6059081554412842, "accuracy": 0.3083166778087616, "val_loss": 1.5935277938842773, "val_accuracy": 0.3183000087738037, "_runtime": 63.09500432014465, "_step": 19, "best_val_loss": 1.5935277938842773, "best_epoch": 19}