{"epoch": 99, "_timestamp": 1702811633.6928794, "loss": 0.004093243274837732, "accuracy": 1.0, "_runtime": 12.723247528076172, "_step": 99, "_wandb": {"runtime": 11}}