{"epoch": 99, "_timestamp": 1702902229.0337949, "loss": 0.006067701615393162, "accuracy": 1.0, "_runtime": 12.924654960632324, "_step": 99, "_wandb": {"runtime": 13}}