{"epoch": 99, "_timestamp": 1702903059.2875168, "loss": 0.004146036226302385, "accuracy": 1.0, "_runtime": 12.028783798217773, "_step": 99, "_wandb": {"runtime": 10}}