{"epoch": 99, "_timestamp": 1702901678.931184, "loss": 0.007542857434600592, "accuracy": 1.0, "_runtime": 12.120882034301758, "_step": 99, "_wandb": {"runtime": 542}}