{"epoch": 29, "_timestamp": 1702811660.7431014, "loss": 0.0817946270108223, "accuracy": 0.9990000128746033, "_runtime": 10.997005462646484, "_step": 29, "_wandb": {"runtime": 14780}}