{"epoch": 99, "_timestamp": 1702901499.4552019, "loss": 0.004550598096102476, "accuracy": 1.0, "_runtime": 11.367669820785522, "_step": 99, "_wandb": {"runtime": 10}}