loss,accuracy
1.8027209043502808,0.6077623963356018
