{"epoch": 99, "_timestamp": 1702903126.5207703, "loss": 0.005181989166885614, "accuracy": 1.0, "_runtime": 12.10199522972107, "_step": 99}