{"epoch": 99, "_timestamp": 1702826451.2285345, "loss": 0.005356376059353352, "accuracy": 1.0, "_runtime": 12.406318426132202, "_step": 99}