{"epoch": 29, "_timestamp": 1702811616.9697745, "loss": 0.06961512565612793, "accuracy": 1.0, "_runtime": 11.620251417160034, "_step": 29, "_wandb": {"runtime": 10}}